txn_id,event_ts,user_id,card_id,merchant,category,amount,currency,status,city,country,lat,lon
7b761490-5b31-467a-a4d6-f5f9ca6ea0d9,2025-11-07T07:30:38.730729+00:00,user_5122,card_194,Apple,fuel,51.95,EUR,APPROVED,South Suzannetown,KE,68.730254,10.490763
f1c9ff8b-15f4-4b45-b411-fd78c45d4106,2025-11-07T07:30:38.831917+00:00,user_3075,card_159,Apple,food_delivery,159.87,EUR,APPROVED,Toddland,SZ,86.963334,-126.743516
202dd6fc-eb88-4188-a85e-dd8ffca3e610,2025-11-07T07:30:38.932719+00:00,user_8561,card_178,Uber,fuel,2314.17,INR,APPROVED,South David,AU,63.025907,-47.035756
ac503735-5fb6-465b-b3cf-f71c56ed8155,2025-11-07T07:30:39.033756+00:00,user_9941,card_112,Myntra,ride_hailing,204.64,USD,APPROVED,East Faithview,RO,48.628295,4.784517
3accec2e-0c82-4dc2-a555-0fef9526432a,2025-11-07T07:30:39.134922+00:00,user_2448,card_127,RelianceFresh,ride_hailing,67.42,USD,APPROVED,Lake Daniel,BT,32.661385,171.701604
d0932612-613d-473a-8658-8819cecbf9a3,2025-11-07T07:30:39.235943+00:00,user_4381,card_190,Flipkart,electronics,1942.2,INR,APPROVED,Wagnertown,AM,72.199449,-167.971458
1b390e4d-39b0-40a9-85e6-e2704730a903,2025-11-07T07:30:39.336742+00:00,user_5631,card_103,Apple,ride_hailing,87.48,EUR,APPROVED,West Kyleport,DZ,54.078085,-48.977111
a26f50d4-b3eb-4710-a691-712b22baee8f,2025-11-07T07:30:39.437722+00:00,user_9140,card_155,Amazon,grocery,48.97,EUR,APPROVED,Stephaniemouth,UA,-0.908984,-48.450539
00a09b08-69af-4a2b-a4d9-7048c366574c,2025-11-07T07:30:39.538765+00:00,user_2236,card_140,Zomato,fashion,131.85,EUR,DECLINED,New Margaretborough,VC,54.283303,37.949074
73fbb8cd-c0a3-45d1-91bf-f64795a1f800,2025-11-07T07:30:39.639760+00:00,user_7510,card_120,Myntra,electronics,170.96,EUR,APPROVED,Murrayfurt,NP,81.162227,-111.656559
c63bb33f-275f-4763-8f30-77e103c9f7a4,2025-11-07T07:30:39.741707+00:00,user_1701,card_142,Uber,grocery,2003.64,INR,APPROVED,Jeffreyview,BJ,28.514239,-171.882636
5652758d-cd24-4d1d-9e77-a8a718432f6d,2025-11-07T07:30:39.842926+00:00,user_9834,card_197,Flipkart,food_delivery,66.92,USD,DECLINED,New Stephanie,ML,22.926833,169.831323
e0258031-4a30-4961-b455-4d4ceb1ff401,2025-11-07T07:30:39.943683+00:00,user_2506,card_152,Rapido,grocery,51.77,USD,APPROVED,Port Kayleeburgh,LK,12.210356,66.017402
156da201-2320-4ac4-9995-f35ad382fa34,2025-11-07T07:30:40.044749+00:00,user_3827,card_102,Myntra,food_delivery,1103.12,INR,APPROVED,Danielburgh,CH,-57.230783,43.619346
117a126c-363b-46c8-9cad-eaf90426625e,2025-11-07T07:30:40.147421+00:00,user_4475,card_137,Rapido,food_delivery,3512.5,INR,APPROVED,Lake Sara,SB,-11.156523,-160.492629
6cf116c4-cf90-4ed1-820f-c021c56b1b04,2025-11-07T07:30:40.248732+00:00,user_2505,card_115,Zomato,ride_hailing,71.93,EUR,APPROVED,North Jasonhaven,LK,4.928174,124.072446
3351841e-9cdc-4a22-91ef-b3a3f6b73cd7,2025-11-07T07:30:40.350114+00:00,user_2521,card_144,Shell,electronics,135.13,USD,APPROVED,New Kristin,ME,-67.912726,2.560734
10ff36cd-d1a2-494c-bfe3-9f9dd8847003,2025-11-07T07:30:40.451559+00:00,user_1937,card_102,Apple,fuel,172.22,EUR,APPROVED,Lake Jamesside,VE,-73.122338,-103.33725
564d72a8-20ac-453b-8a93-cbe57f1a4cb3,2025-11-07T07:30:40.553602+00:00,user_3957,card_106,Rapido,ride_hailing,2672.7,INR,APPROVED,Stevenbury,TH,-42.089516,100.634715
4ed39bc8-754f-4db5-82d9-815dff4a6949,2025-11-07T07:30:40.655720+00:00,user_8652,card_162,Myntra,ride_hailing,148.09,USD,DECLINED,Cartermouth,UG,77.690383,112.568527
8480397f-d294-43c2-8dbb-9999b1a8c40a,2025-11-07T07:30:40.757620+00:00,user_7962,card_185,Amazon,food_delivery,200.61,USD,DECLINED,Port Jamesshire,AO,4.821669,153.991582
008e7176-c4c1-41dd-91f1-7ba0608322a7,2025-11-07T07:30:40.858728+00:00,user_5901,card_198,Swiggy,food_delivery,17.37,EUR,APPROVED,Keithberg,MZ,-82.822982,-54.185229
607b9e59-0669-4a79-9c1a-9ce1f8a216e7,2025-11-07T07:30:40.959753+00:00,user_2571,card_180,Shell,fashion,69.97,USD,APPROVED,Barneston,FM,33.880439,-104.164339
99eabd73-2e0c-4761-8768-954402ab5c70,2025-11-07T07:30:41.060829+00:00,user_9697,card_124,Swiggy,ride_hailing,149.81,INR,DECLINED,Lake Michaelmouth,VU,-76.522018,-141.635779
4f594373-b3bb-42a8-b1cc-a859475efa97,2025-11-07T07:30:41.162085+00:00,user_4815,card_148,Swiggy,grocery,150.66,EUR,APPROVED,Wilkersonbury,MX,74.787429,23.483836
91597463-38a2-4ddf-886c-505219ff6640,2025-11-07T07:30:41.262724+00:00,user_4832,card_184,Zomato,food_delivery,1963.15,INR,APPROVED,Lake Jenniferton,FR,-82.964516,79.549708
97e70061-29fa-44ba-8796-40b1fdc11ddf,2025-11-07T07:30:41.363866+00:00,user_5746,card_148,Myntra,ride_hailing,3388.52,INR,DECLINED,North John,KM,18.133431,109.516927
a3a91c4f-1f9b-45ed-8ca9-503cb3a131a6,2025-11-07T07:30:41.465088+00:00,user_2279,card_109,RelianceFresh,food_delivery,65.03,EUR,DECLINED,New Linda,BB,46.782693,131.122313
74c45efb-9e0c-4d8b-9c0a-324e70071a13,2025-11-07T07:30:41.568823+00:00,user_5357,card_142,Apple,ride_hailing,79.05,EUR,DECLINED,North Saraland,AU,-33.073123,-126.280726
6af67a7b-911f-4845-9165-cfc6b0302d85,2025-11-07T07:30:41.674745+00:00,user_9701,card_177,RelianceFresh,grocery,202.39,USD,DECLINED,New Joseph,CZ,12.767879,-118.654292
4dde3ae2-8c08-496e-8c82-54e465fea829,2025-11-07T07:30:41.780237+00:00,user_3503,card_195,RelianceFresh,ride_hailing,45.09,USD,DECLINED,North Jenniferland,BZ,-15.345504,57.843672
b643be0c-1e8b-4c82-aa8b-8afa72d9fc48,2025-11-07T07:30:41.882294+00:00,user_1965,card_194,Myntra,fashion,45.85,USD,APPROVED,Robinview,BR,20.996557,-137.680584
48f57ab3-85f9-472f-b591-ee53256023ee,2025-11-07T07:30:41.984027+00:00,user_8723,card_154,RelianceFresh,electronics,72.41,EUR,APPROVED,Morrismouth,UG,-70.405972,-33.771306
d52d4c74-ec66-4312-8aa2-74346b92c4a7,2025-11-07T07:30:42.085435+00:00,user_4124,card_120,Shell,food_delivery,110.8,EUR,APPROVED,Harrisberg,MM,-1.019702,-161.716829
e5a3af0c-ad2e-4bf3-9445-dd4fc4023b87,2025-11-07T07:30:42.188385+00:00,user_3716,card_106,Swiggy,fuel,170.71,INR,APPROVED,Smithfort,MZ,62.125003,-21.593246
52826043-93b6-47c8-b49d-cde57a74085f,2025-11-07T07:30:42.292124+00:00,user_7045,card_190,Swiggy,electronics,1418.03,INR,DECLINED,New Eduardoton,SV,26.951947,-28.110587
0a131045-a73d-41e8-bddb-4d111801fc79,2025-11-07T07:30:42.396294+00:00,user_3527,card_137,Shell,fuel,57.07,USD,DECLINED,Molinaville,SV,-74.143741,-54.535052
e62ba1b2-3b5d-4156-92ce-379c870a0de7,2025-11-07T07:30:42.501322+00:00,user_9023,card_106,Apple,electronics,3097.77,INR,APPROVED,New Kayla,TJ,81.988575,-69.053015
42cf81e6-27ca-4921-bbb2-aff3c3bb180b,2025-11-07T07:30:42.607566+00:00,user_4448,card_162,Shell,ride_hailing,27.99,USD,DECLINED,Lake Robert,MM,72.757011,62.849697
e9504743-7a03-47ba-948b-669ce8fbb3c7,2025-11-07T07:30:42.709787+00:00,user_7336,card_180,Rapido,ride_hailing,84.13,USD,DECLINED,Brighthaven,BF,-13.968698,-47.540292
77fe6a96-f77f-4153-ae85-f950baf9bd0c,2025-11-07T07:30:42.813857+00:00,user_8582,card_109,Rapido,ride_hailing,59.91,EUR,APPROVED,Butlerport,CL,77.588702,121.355624
1f297267-da38-408f-bc93-a646647b245d,2025-11-07T07:30:42.916881+00:00,user_8149,card_197,Uber,grocery,158.9,EUR,DECLINED,Michaelview,KI,67.038224,-23.885552
9f80cbd2-7c25-4bf0-adf8-a31ac25894a7,2025-11-07T07:30:43.022338+00:00,user_6028,card_130,Swiggy,grocery,91.16,USD,APPROVED,Powellmouth,CO,-89.815365,-62.594323
c51afc17-4e05-4697-ab06-5916398a6650,2025-11-07T07:30:43.128542+00:00,user_6209,card_199,RelianceFresh,fuel,162.67,EUR,APPROVED,New Robert,AT,57.698411,140.577196
d1a40081-802f-48ce-abcf-cc3728039040,2025-11-07T07:30:43.229839+00:00,user_3552,card_171,RelianceFresh,grocery,83.23,EUR,APPROVED,East Cherylborough,VA,-39.684326,135.341234
3b1b1c23-bbdf-4ccf-9589-321a0276142a,2025-11-07T07:30:43.331866+00:00,user_3208,card_126,Shell,fuel,1870.29,INR,APPROVED,Jamesburgh,CH,53.839719,88.700892
c9a347dd-7c62-45f2-8dc1-11db0395807d,2025-11-07T07:30:43.433407+00:00,user_6874,card_144,Shell,fashion,158.27,EUR,APPROVED,Lake Kathryn,SE,-0.529753,153.454671
ebbf967a-8283-4b19-9bc2-6e8cc3994128,2025-11-07T07:30:43.539658+00:00,user_6577,card_101,Myntra,fuel,137.15,EUR,APPROVED,Port Donnaburgh,UY,27.981466,-115.154745
153758fc-8e1c-4b11-a2f5-b0094541c55d,2025-11-07T07:30:43.641252+00:00,user_3239,card_143,Zomato,ride_hailing,48.71,EUR,APPROVED,East Jay,TR,16.502398,41.186616
26a37903-f45f-4b9c-9faa-a6e478211cca,2025-11-07T07:30:43.743050+00:00,user_4885,card_103,Rapido,fashion,167.42,USD,DECLINED,East Laurachester,MT,-13.244755,-96.972366
01de1d76-4ac9-452f-b064-1eff8a9f9824,2025-11-07T07:30:43.844668+00:00,user_9375,card_144,Uber,fashion,236.17,INR,APPROVED,East Gloriabury,PT,55.532913,-148.888903
4495adb8-8db2-4f1c-890c-0c928c1f0591,2025-11-07T07:30:43.945683+00:00,user_8815,card_123,Uber,fashion,25.79,EUR,DECLINED,Jonesmouth,CU,43.373713,160.48015
5a9f6804-a09c-4bd7-8f97-8d562cf92413,2025-11-07T07:30:44.046749+00:00,user_3838,card_195,Myntra,ride_hailing,815.26,INR,APPROVED,Lake Williamchester,OM,-40.813991,21.501599
febb6f53-3344-4ed5-a056-a244e9877fb5,2025-11-07T07:30:44.149017+00:00,user_4172,card_163,Uber,grocery,1865.66,INR,APPROVED,Port Franciscoburgh,MU,-80.619187,109.246382
4cdf8500-0b90-4be4-a63b-5e72e0557c4e,2025-11-07T07:30:44.250197+00:00,user_1538,card_122,Apple,food_delivery,16.53,EUR,APPROVED,Lake Shelley,GB,-34.306228,86.240231
ca64fc00-05cd-40ce-9708-2492faa157d0,2025-11-07T07:30:44.352251+00:00,user_6313,card_167,Shell,fuel,75.48,INR,DECLINED,Port Alexisside,FJ,-51.478899,-139.458252
150dd760-14d2-499f-8529-c23cec8b22a7,2025-11-07T07:30:44.458497+00:00,user_3988,card_175,Shell,grocery,219.92,INR,APPROVED,South Cheyenne,BF,33.141165,-84.311494
a9810a87-c351-411e-b998-2ba32ca07648,2025-11-07T07:30:44.560171+00:00,user_8178,card_155,Rapido,food_delivery,2190.42,INR,DECLINED,Alvarezland,TO,-17.378329,-176.825361
ebe720ab-190e-4a02-b882-37d144397119,2025-11-07T07:30:44.665865+00:00,user_3523,card_131,Zomato,electronics,88.38,EUR,DECLINED,Campbellstad,DK,22.23113,-3.642193
66b54e05-d725-4e97-ac94-c74905780bbf,2025-11-07T07:30:44.772409+00:00,user_7841,card_142,Uber,ride_hailing,83.8,EUR,APPROVED,South Judithland,ZW,-67.7908,113.950737
4bf7f5c7-7941-4b6d-8ce4-7348c94f153b,2025-11-07T07:30:44.877787+00:00,user_2594,card_146,Swiggy,ride_hailing,4012.36,INR,APPROVED,Pennyhaven,MD,8.806146,33.291617
4af5677a-d923-4bc5-8447-c19d41b140c5,2025-11-07T07:30:44.983693+00:00,user_5729,card_194,Shell,grocery,208.97,EUR,APPROVED,Johnsonmouth,QA,39.367327,-7.285024
dc9feb4a-5bac-4501-b7a8-38f874c4f702,2025-11-07T07:30:45.086207+00:00,user_2740,card_173,Myntra,ride_hailing,76.39,EUR,APPROVED,Dixonside,VC,47.975329,-105.545142
61c56595-8641-4f46-b7a8-dabbb599f317,2025-11-07T07:30:45.189056+00:00,user_1776,card_178,Uber,fuel,51.84,USD,DECLINED,East Justin,ZM,7.495031,165.115651
9aff7ba6-80c2-4efc-9e69-75bfcf72bdc6,2025-11-07T07:30:45.286800+00:00,user_7063,card_160,Apple,electronics,128.85,USD,APPROVED,Lake Andrewmouth,GB,77.924749,112.942653
fd274d23-fa11-4cb0-a298-9f0d131f7392,2025-11-07T07:30:45.392646+00:00,user_1278,card_135,RelianceFresh,fashion,107.74,EUR,APPROVED,Jonathanmouth,SC,-70.525575,60.86235
bfcab1e7-3378-4a83-ba73-3644d9392c58,2025-11-07T07:30:45.494509+00:00,user_9803,card_126,Rapido,food_delivery,73.52,EUR,APPROVED,East Denise,SL,56.247915,-114.42356
6f0f756c-ef8e-4db7-b29b-9e01a57f3b56,2025-11-07T07:30:45.598126+00:00,user_1164,card_159,Apple,fuel,3835.15,INR,APPROVED,Shellychester,TG,-44.587154,154.804581
af3dd598-ead1-4724-ba51-0ac2a906b4be,2025-11-07T07:30:45.705164+00:00,user_6417,card_147,Rapido,food_delivery,1566.25,INR,APPROVED,Campbellstad,KH,-63.769425,-36.758285
f15bcbea-eef5-46ec-a999-db717b78ecd3,2025-11-07T07:30:45.806925+00:00,user_7327,card_156,Uber,fuel,120.17,EUR,DECLINED,South Kimberly,ET,79.321334,-17.014569
5e133a58-3e47-4b72-ab07-0962aabd1a7e,2025-11-07T07:30:45.909177+00:00,user_3593,card_162,Apple,fuel,850.01,INR,APPROVED,Port Seanmouth,LB,86.200989,170.553116
6db76913-2fba-4682-911e-81c8353cb37b,2025-11-07T07:30:46.010464+00:00,user_5013,card_179,Myntra,fashion,1231.92,INR,APPROVED,Lake Traci,BH,5.080786,122.212932
9e88e303-f148-47f8-8463-ee8d69e24256,2025-11-07T07:30:46.112174+00:00,user_8389,card_168,Flipkart,grocery,52.03,USD,APPROVED,Michaelfurt,PW,-44.087965,5.905436
8a1e47dd-f89a-4b36-bfb2-0d5f78264444,2025-11-07T07:30:46.215304+00:00,user_1455,card_179,Zomato,grocery,113.32,USD,APPROVED,North Noah,CI,-81.418409,-150.594913
a9b45df9-bda9-4bae-9227-054f160a3f2e,2025-11-07T07:30:46.317568+00:00,user_8802,card_169,Swiggy,food_delivery,105.5,EUR,DECLINED,Perryhaven,KN,41.468211,47.241976
f3daf6f5-4fd7-4d3f-86cf-bae45ee0bd3d,2025-11-07T07:30:46.419816+00:00,user_7717,card_176,Uber,ride_hailing,70.28,EUR,APPROVED,North George,ML,49.908012,-86.334621
af6f9c2b-8928-407b-80ea-197b5d7cfbe9,2025-11-07T07:30:46.521915+00:00,user_7747,card_176,Amazon,ride_hailing,104.2,EUR,APPROVED,Marksmouth,EG,-84.082577,123.947416
3aeb717b-9ccd-4c90-a780-f66b9a31a6bb,2025-11-07T07:30:46.623620+00:00,user_1794,card_151,Apple,fuel,173.47,USD,DECLINED,South Kristen,PS,19.640311,160.747444
b29e81a2-83c3-48af-8148-b0ff9ae2fb42,2025-11-07T07:30:46.725718+00:00,user_9418,card_181,Shell,ride_hailing,102.3,USD,DECLINED,Paynefort,NZ,-52.62403,86.706678
a46f6faf-eaf5-4a33-92e2-fc3560cc9293,2025-11-07T07:30:46.830396+00:00,user_3123,card_165,Flipkart,food_delivery,3280.55,INR,APPROVED,Port Lindaside,CF,86.846689,-116.897224
16224987-815b-466a-afaa-8adf9e8caf48,2025-11-07T07:30:46.932494+00:00,user_9847,card_144,Myntra,electronics,69.03,USD,APPROVED,South Kristy,GA,-69.12984,-87.892685
132661e7-9a4e-47b3-a2c3-254ab2fb9898,2025-11-07T07:30:47.034823+00:00,user_1786,card_183,Amazon,fuel,58.31,USD,APPROVED,Lake Ashley,ME,-68.645601,-58.988407
e9434656-3f67-47c1-a4e3-d6caaef834b4,2025-11-07T07:30:47.137647+00:00,user_5174,card_104,RelianceFresh,ride_hailing,100.59,USD,DECLINED,Kristinmouth,LV,-4.797092,-16.47678
553bc579-248b-40c3-986f-f22fd85cd2ca,2025-11-07T07:30:47.240014+00:00,user_7889,card_164,Amazon,fashion,133.57,EUR,APPROVED,New Lawrenceberg,ES,7.210623,-72.125168
036601cb-7d2b-416f-b782-f4b387a1ec5e,2025-11-07T07:30:47.342280+00:00,user_9285,card_101,Rapido,fuel,2688.87,INR,APPROVED,New Richardstad,BA,-9.920786,160.815463
2d14fa56-d3b5-4420-835b-774a855eb249,2025-11-07T07:30:47.443949+00:00,user_5435,card_134,RelianceFresh,ride_hailing,2947.26,INR,APPROVED,Lake David,UY,46.854353,19.276389
0c571a97-dfe7-45a4-97ec-899025e40698,2025-11-07T07:30:47.547598+00:00,user_7943,card_122,Uber,ride_hailing,158.73,USD,APPROVED,Christinechester,SB,-45.322758,-156.480126
03c7b81c-78e2-41ce-992c-db673227d2e0,2025-11-07T07:30:47.649176+00:00,user_3158,card_100,Myntra,fuel,106.24,EUR,APPROVED,Baileyland,GE,58.463678,107.522123
f2af1de4-c0fd-4431-abb5-5eea2e302400,2025-11-07T07:30:47.750913+00:00,user_7371,card_179,Flipkart,grocery,472.63,INR,APPROVED,Jasonfort,MN,43.088828,-44.220941
5d80a007-d24b-40c7-ae70-e87e5f025bee,2025-11-07T07:30:47.853037+00:00,user_8444,card_164,Uber,fashion,1590.05,INR,APPROVED,New Sarahmouth,MW,-73.259385,-88.892201
62191c5d-ae70-4908-8f3b-6a591a19371a,2025-11-07T07:30:47.956108+00:00,user_8264,card_197,Rapido,fuel,130.2,INR,DECLINED,Desireemouth,BJ,-7.66235,-88.744512
6273777a-b734-4331-96e0-5efbb583e252,2025-11-07T07:30:48.059400+00:00,user_3648,card_105,Zomato,ride_hailing,14.54,USD,DECLINED,Millerville,BJ,-25.782859,-117.747735
2e679620-17b9-486d-b09f-34f3045eb600,2025-11-07T07:30:48.162001+00:00,user_2894,card_183,Zomato,grocery,122.41,EUR,APPROVED,East Jennifer,VU,24.377309,-140.759089
e9fe760c-1002-4b80-9708-a96caacb9fd0,2025-11-07T07:30:48.265740+00:00,user_2672,card_178,Shell,fashion,1020.08,INR,APPROVED,Jenniferborough,AE,71.119057,141.875767
aa15e9d8-c022-4d53-a6f2-7d979458c7c8,2025-11-07T07:30:48.371291+00:00,user_5256,card_196,Swiggy,fuel,166.0,USD,APPROVED,West Ethan,GE,-26.002975,98.494204
5a9f9b25-c7f2-4990-ad77-4e2c61779c15,2025-11-07T07:30:48.474209+00:00,user_4143,card_142,RelianceFresh,fuel,70.65,USD,APPROVED,Port Thomasshire,MU,83.116684,-31.929889
517c87c9-70f4-4c98-97ee-1c8ac66dbe13,2025-11-07T07:30:48.579703+00:00,user_8920,card_190,Amazon,food_delivery,2861.5,INR,APPROVED,Victorhaven,CA,87.450059,162.494856
27e9af7d-c5b2-4b9c-b9af-930ee0a29c84,2025-11-07T07:30:48.685415+00:00,user_3888,card_151,Zomato,fuel,80.13,EUR,APPROVED,Gilbertton,AE,66.016872,32.702061
01007e36-f772-49d4-97f0-efb758b3a699,2025-11-07T07:30:48.789508+00:00,user_6701,card_199,Rapido,grocery,156.2,EUR,APPROVED,Jonathanville,GH,-26.0669,-14.770694
601ad219-0adc-45c1-ae26-d8969199b073,2025-11-07T07:30:48.894033+00:00,user_1560,card_100,Flipkart,food_delivery,150.5,EUR,DECLINED,Patricialand,SI,-65.249625,-173.347598
e608eb63-56a9-4c36-b5fc-d0f95fd2c8fa,2025-11-07T07:30:48.997377+00:00,user_7979,card_179,Flipkart,fashion,125.01,USD,APPROVED,North Laurenview,GH,16.46291,73.796309
53fd4aed-d9e7-4f22-afea-85515d40b514,2025-11-07T07:30:49.103053+00:00,user_9081,card_193,Flipkart,ride_hailing,178.25,EUR,APPROVED,Hooverbury,RO,45.954925,-82.38595
86b7776d-d3bb-4943-b0f2-30645c7bfe4a,2025-11-07T07:30:49.205352+00:00,user_1732,card_140,Shell,food_delivery,92.75,USD,APPROVED,North Robert,AD,81.678355,55.775083
4e6f4028-d284-4495-9cc2-c981d75fbf15,2025-11-07T07:30:49.310727+00:00,user_1202,card_188,Rapido,ride_hailing,109.82,USD,APPROVED,Burnsville,LR,-70.473162,108.187991
a86d9c8d-13b0-4cbe-9498-50724d03d641,2025-11-07T07:30:49.416583+00:00,user_3778,card_101,Amazon,electronics,146.18,EUR,DECLINED,Brownhaven,AD,-54.474096,-64.726412
5bdc6a3b-a452-4650-9df6-1ad65d48b024,2025-11-07T07:30:49.522166+00:00,user_9952,card_110,Rapido,fuel,124.33,EUR,APPROVED,South Amyview,VA,-70.56137,-20.033939
c7740226-4cb3-49a7-934f-c5e1b4e6e17d,2025-11-07T07:30:49.626623+00:00,user_2240,card_160,RelianceFresh,ride_hailing,97.49,USD,APPROVED,Darrylville,EG,53.378797,155.552068
6f0c0dd6-2d65-4423-872a-99ed59910390,2025-11-07T07:30:49.731664+00:00,user_6764,card_143,Swiggy,ride_hailing,1093.33,INR,APPROVED,Joannashire,KE,-9.510814,-57.120967
3464afb0-ceba-439d-966a-e17878276fef,2025-11-07T07:30:49.837331+00:00,user_2304,card_134,Myntra,food_delivery,10.11,EUR,APPROVED,Burgessville,FM,50.816647,167.270986
90cb0e99-1519-4152-b291-d52de2595fac,2025-11-07T07:30:49.941395+00:00,user_2510,card_177,Myntra,electronics,201.08,EUR,APPROVED,South Richardchester,QA,-66.531207,-136.013917
c38d51c9-0123-4c1d-968a-9fcece78043d,2025-11-07T07:30:50.046334+00:00,user_7989,card_131,Rapido,food_delivery,167.67,EUR,APPROVED,Jacobland,DM,24.480785,-78.182779
d11d624d-fd6f-4f11-bbe3-6b1df7cbde65,2025-11-07T07:30:50.150656+00:00,user_5582,card_107,Flipkart,electronics,177.57,USD,APPROVED,Fisherfurt,AD,71.29429,141.387925
510ed09f-5ac8-4854-82b0-156e86c51edb,2025-11-07T07:30:50.255533+00:00,user_5100,card_104,Shell,fashion,93.16,USD,APPROVED,Brandytown,NR,45.067825,-132.951225
898be655-506b-46da-a2e7-1a3986f6dbb6,2025-11-07T07:30:50.359981+00:00,user_9898,card_101,Uber,grocery,645.23,INR,APPROVED,Marquezbury,PE,-52.036703,5.606269
8c38742b-22e1-4f15-ab86-fc88013f65f2,2025-11-07T07:30:50.461496+00:00,user_9629,card_168,Myntra,grocery,2671.8,INR,APPROVED,Michelleville,ME,34.108654,67.098181
19aad646-0ff0-4f34-805e-86fd533a864e,2025-11-07T07:30:50.563642+00:00,user_4510,card_100,Shell,food_delivery,3494.12,INR,APPROVED,Mossland,HT,68.13278,-139.325206
558c1034-ef2b-4f69-a8c0-984013cf1fba,2025-11-07T07:30:50.666931+00:00,user_7477,card_141,Amazon,fuel,8.69,EUR,DECLINED,New Loretta,LR,13.124117,-26.942065
3f63a376-7bdc-4e45-b2ff-0c485d7f1de3,2025-11-07T07:30:50.772079+00:00,user_2915,card_134,Rapido,food_delivery,2791.53,INR,APPROVED,Wrightton,TD,-63.289238,-145.152401
4c267857-c566-479e-a8c0-4d1a7e3ab897,2025-11-07T07:30:50.873436+00:00,user_9215,card_101,Rapido,fashion,150.91,EUR,APPROVED,East Kevin,BT,-62.418292,106.88174
ef837184-4b1c-4be6-9231-21197d478dcf,2025-11-07T07:30:50.978917+00:00,user_5255,card_133,Flipkart,ride_hailing,53.91,EUR,DECLINED,New Ericshire,ID,-2.583739,-126.168244
6bd4aed8-ea36-469b-85f2-3f8efe72d505,2025-11-07T07:30:51.080838+00:00,user_4568,card_154,Uber,grocery,164.17,EUR,APPROVED,Brookeside,SM,-19.211694,8.186678
fc22a02c-fe4f-470c-a86f-db90fd0229ae,2025-11-07T07:30:51.182552+00:00,user_9362,card_120,Myntra,food_delivery,21.3,USD,DECLINED,East Billychester,AR,46.323976,-46.038827
12019e72-3d80-451c-8aac-8d3c30a07cf1,2025-11-07T07:30:51.284679+00:00,user_1030,card_150,Apple,grocery,61.63,USD,DECLINED,Lake Daniel,LI,83.405856,-13.456719
22eeb5c9-f990-43be-9a3e-b6c273db82e7,2025-11-07T07:30:51.386498+00:00,user_4995,card_122,Uber,fuel,78.13,USD,APPROVED,South Jenniferhaven,MM,39.062061,-61.810585
c60cf515-5cf6-4130-b028-e150a9447e1d,2025-11-07T07:30:51.488559+00:00,user_3280,card_193,Swiggy,fashion,3345.05,INR,DECLINED,Lake Thomas,NZ,18.986187,-106.969807
f1c62fcb-5ed3-4755-8f9c-95a998ffeefb,2025-11-07T07:30:51.592011+00:00,user_7748,card_175,Flipkart,fashion,197.93,EUR,APPROVED,Stevenville,ET,-11.198875,-80.11316
4868ade2-8dcf-43ef-9967-782b520548b6,2025-11-07T07:30:51.694474+00:00,user_6836,card_182,Amazon,food_delivery,81.37,USD,APPROVED,Rogerschester,TJ,-68.810402,103.381462
1d8c2dd3-74d3-4fe8-b3f7-8ab68774a9b9,2025-11-07T07:30:51.798882+00:00,user_3976,card_135,Amazon,grocery,11.05,EUR,APPROVED,Lake Larry,BJ,-35.411872,-30.280013
91709f3c-5c12-40fc-abaf-4e024689b4b5,2025-11-07T07:30:51.900569+00:00,user_4004,card_139,Flipkart,ride_hailing,69.01,EUR,APPROVED,Chadbury,MH,-61.444991,44.376799
1c6b4b05-a848-4848-a664-a8c0c2475c82,2025-11-07T07:30:52.001365+00:00,user_4428,card_197,RelianceFresh,electronics,99.63,EUR,APPROVED,Stephanietown,ME,-42.089387,-150.197111
e35fe6c7-6ecc-46be-b10b-50b2caa2970e,2025-11-07T07:30:52.103158+00:00,user_1889,card_138,Amazon,ride_hailing,184.48,EUR,APPROVED,Candacefort,MY,-21.365916,-103.464966
ac650d29-6c46-4195-951c-9b524bbfad56,2025-11-07T07:30:52.206428+00:00,user_8120,card_120,Shell,fuel,105.22,USD,APPROVED,Stephaniechester,BW,-79.308238,140.118329
ec9f712f-6a90-4c84-8892-f8b89854f9ae,2025-11-07T07:30:52.309611+00:00,user_5712,card_102,Apple,food_delivery,4105.41,INR,APPROVED,Lake Josephport,CD,20.303342,157.118527
1e075032-ce3e-4aaa-ad1a-bbaa3c4275a5,2025-11-07T07:30:52.412252+00:00,user_6687,card_161,Swiggy,fashion,152.37,USD,APPROVED,Port Karenfurt,MV,-26.771859,41.298099
c59ec050-2e53-43a7-bbdc-34422f9064c3,2025-11-07T07:30:52.517524+00:00,user_3939,card_109,Apple,fuel,70.82,EUR,APPROVED,Sheltonview,SD,-65.010833,80.633526
015c2e6c-b657-4e6a-a404-bbd2b5c5cf68,2025-11-07T07:30:52.623697+00:00,user_1834,card_146,Rapido,fuel,3554.62,INR,DECLINED,West Kayla,BY,12.124318,56.212036
278f7132-4881-4d46-833d-07f63c142656,2025-11-07T07:30:52.726836+00:00,user_1677,card_181,Myntra,grocery,136.71,USD,APPROVED,Stevenmouth,BS,-13.643955,-96.828164
e817e777-e8da-49f5-b7dc-0b1e1423fe38,2025-11-07T07:30:52.830418+00:00,user_1031,card_173,Apple,ride_hailing,24.92,USD,APPROVED,Madisonchester,OM,-19.939856,-34.774374
7976108e-4757-4f03-beb9-02d3a6b69b45,2025-11-07T07:30:52.936473+00:00,user_9726,card_148,Shell,ride_hailing,33.28,USD,APPROVED,West Thomas,CN,46.81803,-140.289443
bf7318bf-737f-48d6-8097-5c81193b3c37,2025-11-07T07:30:53.039307+00:00,user_9886,card_194,Apple,ride_hailing,142.75,USD,APPROVED,Rebeccastad,IN,-85.584302,138.085703
f4df01b9-0b83-4065-9c01-649907a04939,2025-11-07T07:30:53.144308+00:00,user_8465,card_168,Amazon,fashion,3597.6,INR,APPROVED,Staceymouth,KN,-60.11892,26.325821
4c38fd0e-8f6b-4606-8d4b-b3bb8fbd950d,2025-11-07T07:30:53.249362+00:00,user_8741,card_126,Amazon,fuel,504.37,INR,DECLINED,East Joseph,CH,62.263618,-16.202585
e9eab41e-6446-4b67-81a2-b62d1c51f508,2025-11-07T07:30:53.353397+00:00,user_9895,card_129,Flipkart,grocery,116.93,EUR,APPROVED,New Marcus,AT,-19.371658,-7.478293
aa510e0b-9907-4f3d-b4d1-447c229aa1ec,2025-11-07T07:30:53.459625+00:00,user_2806,card_183,Amazon,food_delivery,154.11,USD,DECLINED,Lake John,MR,-1.49722,-102.484595
995acf3b-2ac6-42d2-96c0-e7375f992ac3,2025-11-07T07:30:53.561951+00:00,user_3825,card_180,Amazon,electronics,24.49,EUR,APPROVED,Jonesview,KM,-83.895252,-36.783343
c2e642d8-accc-471f-a02e-e90eaac791c2,2025-11-07T07:30:53.666335+00:00,user_6555,card_123,Myntra,fuel,448.71,INR,DECLINED,West Elizabeth,GA,-81.24404,113.634455
7f5d32cd-0bf0-4d3c-bfc3-1de1c941381d,2025-11-07T07:30:53.770440+00:00,user_7608,card_140,Rapido,ride_hailing,64.36,USD,DECLINED,New Robertmouth,CL,-11.372101,37.458621
7dd9f6f1-d40c-4796-a9a2-8721e3ceb0c8,2025-11-07T07:30:53.871552+00:00,user_3913,card_141,Rapido,fashion,1189.49,INR,APPROVED,West Jeffreybury,GH,-21.092401,-108.281778
26499085-a501-45a0-a488-9f4f1a7e4880,2025-11-07T07:30:53.972368+00:00,user_9997,card_145,Apple,fuel,131.27,USD,APPROVED,Lake Carolland,TJ,36.591181,-86.091568
e0c11f50-6451-4133-a90e-3f65ffae8704,2025-11-07T07:30:54.073529+00:00,user_3542,card_176,Flipkart,food_delivery,6.85,USD,DECLINED,Savageport,CU,21.499613,-172.324947
c96461ed-87b8-4e7b-84b0-2fd9db4ade3e,2025-11-07T07:30:54.178301+00:00,user_8456,card_104,Uber,grocery,2179.8,INR,APPROVED,Wilsonville,GM,-87.03224,-75.680064
57d04b31-bcc7-4090-a126-407c35c06ade,2025-11-07T07:30:54.284334+00:00,user_8591,card_190,Zomato,food_delivery,112.12,USD,APPROVED,Lake Danielview,OM,-43.361934,17.333753
07f4a5f7-0bda-4aea-a9eb-0f1a4c240008,2025-11-07T07:30:54.390439+00:00,user_2825,card_128,Uber,electronics,94.01,EUR,DECLINED,Lake Johnfurt,BO,-84.084978,-54.693001
7f901e16-203c-4cf0-b2b7-19e11a6502db,2025-11-07T07:30:54.491706+00:00,user_5087,card_164,Rapido,electronics,119.38,EUR,APPROVED,Michellemouth,JM,67.625986,-69.863242
50049028-5e4f-4947-af38-328f0ff647c0,2025-11-07T07:30:54.594212+00:00,user_5449,card_196,Apple,grocery,84.94,USD,DECLINED,Gregoryfurt,PL,-84.953577,30.147373
1a415be5-493d-437f-ad77-f93bd7d038ce,2025-11-07T07:30:54.695325+00:00,user_8572,card_145,Amazon,fashion,83.34,EUR,APPROVED,Schultzfort,MU,14.368679,49.050725
97238995-67bd-4c93-9364-a90548a9660a,2025-11-07T07:30:54.796773+00:00,user_4505,card_104,Apple,ride_hailing,172.14,EUR,APPROVED,Greenburgh,RS,60.783269,42.475409
ee51f275-e831-45c7-b12b-018d8c457407,2025-11-07T07:30:54.897389+00:00,user_3473,card_149,Apple,ride_hailing,87.85,USD,APPROVED,Scotttown,BY,-65.423537,-148.204783
d725d57c-2441-4e0c-a899-04795820d0a3,2025-11-07T07:30:54.999931+00:00,user_7019,card_142,RelianceFresh,electronics,134.99,USD,APPROVED,Lake Ashley,FR,57.67863,103.277167
18406ce5-d73f-4bc8-bf7c-824d88c99dad,2025-11-07T07:30:55.100602+00:00,user_2892,card_178,RelianceFresh,electronics,44.91,USD,DECLINED,North Todd,BB,-76.019516,-26.353179
c9bd50ce-8cfe-486c-b6aa-e3bcdacee6fa,2025-11-07T07:30:55.202087+00:00,user_1209,card_101,Amazon,electronics,903.1,INR,APPROVED,South Annettefurt,OM,-50.334546,139.572551
dd6af19d-9a90-43aa-83f6-ab68fa2a8881,2025-11-07T07:30:55.303639+00:00,user_1386,card_140,Shell,food_delivery,31.38,EUR,APPROVED,Kellyfort,KR,-83.940297,30.059623
007d5c34-bdd7-468b-967d-52f0cf4d77f5,2025-11-07T07:30:55.405494+00:00,user_6468,card_144,Swiggy,fuel,15.62,EUR,APPROVED,New Ryan,DO,-0.111452,-168.226623
6b2cda9c-402e-44bf-8a89-2452e75201ba,2025-11-07T07:30:55.506887+00:00,user_7769,card_181,RelianceFresh,fashion,121.44,EUR,APPROVED,New Leah,EE,-19.375076,-4.7427
984d7117-804e-4aa8-94fd-a576b5e47742,2025-11-07T07:30:55.610106+00:00,user_7790,card_162,Zomato,grocery,104.82,USD,APPROVED,North Jeffreyborough,ZW,-30.809552,97.431978
e03b3a22-4dc4-4ccf-aa48-fd3c2f5d6476,2025-11-07T07:30:55.712122+00:00,user_9227,card_182,Uber,ride_hailing,20.19,USD,DECLINED,Perezborough,DZ,-82.288342,-59.160517
58dce358-488f-45d3-88a6-585abe9d8d9c,2025-11-07T07:30:55.818728+00:00,user_2873,card_114,Amazon,fashion,2898.64,INR,APPROVED,Carrollberg,RW,26.228502,107.240553
9d9337ae-ec55-4dd0-9875-816e334ed6e2,2025-11-07T07:30:55.921301+00:00,user_5622,card_133,Flipkart,electronics,116.13,EUR,APPROVED,West Elizabeth,SE,-15.316947,-62.993608
b537474c-ac21-4bf6-a993-be0deb8a153d,2025-11-07T07:30:56.027934+00:00,user_7518,card_166,Rapido,fashion,6.19,USD,APPROVED,East Molly,DM,35.28415,164.557002
d70a2af2-a812-49c1-a7e9-74416f166843,2025-11-07T07:30:56.132882+00:00,user_1439,card_139,Amazon,electronics,63.24,INR,APPROVED,New Derricktown,BG,-19.603863,-106.955062
b934427a-fbea-40c3-99a6-914098b435a4,2025-11-07T07:30:56.236156+00:00,user_2647,card_179,Swiggy,food_delivery,159.72,USD,APPROVED,South Erinborough,BO,22.046521,-151.591456
8e3046e5-ceeb-456b-88ea-fe56d33ad35b,2025-11-07T07:30:56.337939+00:00,user_2155,card_169,Rapido,ride_hailing,33.87,USD,APPROVED,North Josephside,RS,-57.913941,-145.752715
a689b185-093a-4825-8115-762439404849,2025-11-07T07:30:56.441562+00:00,user_8893,card_166,Swiggy,electronics,2877.47,INR,DECLINED,New Katieville,ZW,7.892879,-161.655216
e943d823-3628-479a-8c18-69c2caaa066e,2025-11-07T07:30:56.544392+00:00,user_2916,card_139,Uber,fuel,41.22,USD,APPROVED,Potterview,NA,57.884967,119.185849
632c062b-9678-43db-a936-f25e95288ca4,2025-11-07T07:30:56.645941+00:00,user_8188,card_180,Swiggy,electronics,168.84,EUR,APPROVED,New Emily,LC,58.15478,-115.193035
12ffd8cc-e5cb-4463-a992-7d7320f303ed,2025-11-07T07:30:56.747788+00:00,user_4739,card_150,Rapido,food_delivery,127.63,USD,DECLINED,North Tammychester,RO,-12.022801,0.656021
7f38316f-d103-43ae-bafe-435216a76931,2025-11-07T07:30:56.849565+00:00,user_9127,card_198,Swiggy,fashion,45.27,USD,APPROVED,Jessicaland,PG,84.383861,-113.487171
5e8d089b-9182-40f7-a664-570d10848fc3,2025-11-07T07:30:56.951570+00:00,user_1958,card_189,RelianceFresh,electronics,80.05,USD,DECLINED,Chasechester,GB,11.766263,-75.085048
8aeb83e1-7eb1-4843-a73d-0f55e9d688ec,2025-11-07T07:30:57.053997+00:00,user_9467,card_180,Zomato,food_delivery,58.64,EUR,DECLINED,Cassandraside,MT,-87.408035,-88.594159
d7cf5ee8-7385-4456-a14a-cd868ddc82e9,2025-11-07T07:30:57.155844+00:00,user_3144,card_148,RelianceFresh,ride_hailing,1933.27,INR,APPROVED,Michaelfurt,BA,67.139491,152.161626
2ae75a67-50fe-488f-b028-43f3ad66460a,2025-11-07T07:30:57.258522+00:00,user_4043,card_154,Swiggy,food_delivery,133.14,USD,APPROVED,South Crystal,PK,68.821732,-91.687068
33332102-eaad-4c49-b395-023332ab6158,2025-11-07T07:30:57.360752+00:00,user_3563,card_171,Flipkart,food_delivery,34.55,EUR,APPROVED,Collinfurt,YE,45.388846,-107.107589
aafb29ff-4883-41e5-8986-a21d66813728,2025-11-07T07:30:57.463403+00:00,user_8095,card_126,Apple,ride_hailing,111.54,EUR,APPROVED,Ambertown,BT,46.777801,-30.873491
c372d9c5-f65d-4b3a-84ea-f00156d43e96,2025-11-07T07:30:57.565631+00:00,user_1862,card_179,Flipkart,ride_hailing,58.79,EUR,DECLINED,Jessicamouth,SY,-40.100247,-48.270062
ab9662a2-4db3-432f-a5d6-de6e20f82c68,2025-11-07T07:30:57.667074+00:00,user_4064,card_125,Zomato,fashion,16.25,EUR,DECLINED,Taylormouth,KI,-73.601278,-167.453714
665b2411-e99b-42da-b567-6159508d8028,2025-11-07T07:30:57.769478+00:00,user_4644,card_107,Zomato,fuel,2005.33,INR,APPROVED,New Karina,AO,23.125007,153.514405
b9a77301-d769-4745-bc32-d0b93ed660d9,2025-11-07T07:30:57.870705+00:00,user_1635,card_197,Zomato,electronics,1329.09,INR,APPROVED,Lake Amanda,BY,-4.878945,-123.812684
3d8ce10a-c562-4263-a181-f93e76b70eb8,2025-11-07T07:30:57.972877+00:00,user_5817,card_116,Shell,food_delivery,18.31,USD,DECLINED,North Jennifer,BI,-69.818678,-60.593964
147e5a17-04fd-4e22-8bfe-8a6c61219fc3,2025-11-07T07:30:58.074547+00:00,user_1804,card_165,Amazon,food_delivery,6.54,EUR,APPROVED,South Carol,CR,75.970741,-31.418105
e5d705ae-a9d8-405e-ae67-81850ae49359,2025-11-07T07:30:58.177360+00:00,user_2030,card_107,Zomato,food_delivery,17.54,EUR,APPROVED,South Andrew,EC,-49.236756,84.857864
96193dc6-80aa-441f-8483-7d2a4bab04e4,2025-11-07T07:30:58.280856+00:00,user_6231,card_149,Uber,ride_hailing,122.87,USD,APPROVED,Jenniferland,AM,72.332861,65.744785
780e1ee0-0e8e-4102-aae3-097b9543af0a,2025-11-07T07:30:58.382649+00:00,user_7579,card_167,Apple,grocery,132.19,EUR,APPROVED,Shawnhaven,FR,-68.559616,156.937941
1e821ac2-d2e1-4e35-b4a3-db63751182c3,2025-11-07T07:30:58.485203+00:00,user_9614,card_198,Amazon,grocery,102.13,EUR,APPROVED,New Lisaburgh,GB,84.307694,87.9244
126d02d5-2cb1-4cb7-80c1-37a0ff33b721,2025-11-07T07:30:58.587919+00:00,user_9650,card_144,Uber,ride_hailing,130.38,USD,DECLINED,East Ginamouth,AD,8.541305,132.604972
0940c822-239f-4263-9b1b-9b719f73435b,2025-11-07T07:30:58.691310+00:00,user_3948,card_124,Apple,fuel,60.43,EUR,APPROVED,East Thomaschester,SY,-16.802637,-168.895075
6b6d8f3c-b01e-4c13-9354-b39810e3d2e7,2025-11-07T07:30:58.792739+00:00,user_6387,card_140,Apple,ride_hailing,164.37,USD,APPROVED,Port Jonathanfort,PK,36.562,109.078135
e8cd2ab2-ceef-4d16-b10f-37bdff762b5a,2025-11-07T07:30:58.894750+00:00,user_5898,card_198,Myntra,grocery,159.56,USD,APPROVED,West Rachel,OM,-50.441641,-46.95895
24130920-86bd-40b2-b932-58cb141d03a0,2025-11-07T07:30:58.996834+00:00,user_8524,card_157,Apple,food_delivery,2732.96,INR,DECLINED,East Vanessa,DO,2.300342,4.538831
b2f089d6-750a-49de-b936-4f61a100623c,2025-11-07T07:30:59.100039+00:00,user_5563,card_150,Uber,fashion,2735.16,INR,APPROVED,Port Justinshire,VN,70.906934,-175.563487
70bb1051-8050-4d08-9968-87fe527e766f,2025-11-07T07:30:59.203812+00:00,user_3973,card_178,Apple,ride_hailing,11.63,EUR,APPROVED,Brianhaven,CI,81.793272,-130.782991
b42cb02b-42db-4227-9e34-2d6a38dbcd18,2025-11-07T07:30:59.305819+00:00,user_1049,card_111,Flipkart,fuel,164.73,EUR,APPROVED,Port Rogerstad,VE,16.464064,-124.994271
0379c249-9245-4f52-8829-19a413e5be62,2025-11-07T07:30:59.407781+00:00,user_7643,card_118,Swiggy,ride_hailing,1031.64,INR,APPROVED,South Christopher,AZ,-9.934473,4.543949
1efd2033-a6cc-4b8f-9b0e-0c89904a5bc7,2025-11-07T07:30:59.509710+00:00,user_2152,card_168,Myntra,electronics,98.23,EUR,DECLINED,New Paul,CM,-60.247451,173.25433
02b07252-0cca-44a4-ae6f-e323881496a3,2025-11-07T07:30:59.613400+00:00,user_7444,card_183,Rapido,electronics,15.62,USD,DECLINED,New Edward,PA,86.699999,-103.242525
68a1431a-b236-4d30-862c-ad5f2cb389ac,2025-11-07T07:30:59.715862+00:00,user_9163,card_154,Rapido,grocery,146.62,USD,APPROVED,South Kevin,GQ,-7.267692,57.395774
45a5b7ea-8b9a-4a89-828e-bdc7aade80ec,2025-11-07T07:30:59.817546+00:00,user_5201,card_173,Shell,electronics,140.94,INR,APPROVED,East Douglasside,CI,11.454473,-159.211818
f404bd5b-6aec-41f0-9b06-69837e83998f,2025-11-07T07:30:59.919619+00:00,user_2655,card_125,Apple,electronics,56.64,EUR,DECLINED,South Suzanneburgh,AD,-37.79503,44.667215
